{
  "diff_index_status": {
    "avg_ms": 12.238219999926514,
    "p95_ms": 19.167934998404235,
    "ops_sec": 81.71122924788119
  },
  "search_codebase": {
    "avg_ms": 447.45817499970144,
    "p95_ms": 8498.271579998254,
    "ops_sec": 2.234845748433733
  },
  "get_file_outline": {
    "avg_ms": 13.347734999661043,
    "p95_ms": 28.540929998962383,
    "ops_sec": 74.91907803274445
  },
  "search_session_summaries": {
    "avg_ms": 23.10923500044737,
    "p95_ms": 35.19931499995437,
    "ops_sec": 43.27274355817668
  },
  "get_health_dashboard": {
    "avg_ms": 8.18388000025152,
    "p95_ms": 41.17246500136389,
    "ops_sec": 122.1914299781114
  }
}