{
  "diff_index_status": {
    "avg_ms": 1.5227539999887085,
    "p95_ms": 2.489604999959738,
    "ops_sec": 656.7048912742407
  },
  "search_codebase": {
    "avg_ms": 8.946563999961654,
    "p95_ms": 13.842825000051562,
    "ops_sec": 111.7747550908132
  },
  "get_file_outline": {
    "avg_ms": 6.580803999950149,
    "p95_ms": 8.298385000193775,
    "ops_sec": 151.9571164872218
  },
  "search_session_summaries": {
    "avg_ms": 0.9415480000461685,
    "p95_ms": 1.72910500011767,
    "ops_sec": 1062.0807435743748
  },
  "get_health_dashboard": {
    "avg_ms": 0.7200319999901694,
    "p95_ms": 1.2505850000479768,
    "ops_sec": 1388.8271632561512
  }
}